{
  "sheets": {
    "fs_rvn_2miners": {
      "id": "fs_rvn_2miners",
      "name": "RVN - 2miners",
      "coin": "RVN",
      "algorithm": "kawpow",
      "wallet": "RUVuL3CG2c9qTX3bCr32AfCZ5DJEfdJUTR",
      "pool_url": "stratum+tcp://rvn.2miners.com:6060",
      "pool_name": "2miners",
      "pool_backup": "stratum+tcp://stratum.ravenminer.com:3838",
      "miner": "trex",
      "worker_name": "Rig_D",
      "password": "x",
      "extra_args": "",
      "oc_profile": "auto",
      "enabled_gpus": [],
      "created": "2024-11-29",
      "notes": "Ravencoin auf 2miners - T-Rex Miner"
    },
    "fs_rvn_herominers": {
      "id": "fs_rvn_herominers",
      "name": "RVN - HeroMiners",
      "coin": "RVN",
      "algorithm": "kawpow",
      "wallet": "RUVuL3CG2c9qTX3bCr32AfCZ5DJEfdJUTR",
      "pool_url": "stratum+tcp://rvn.herominers.com:1140",
      "pool_name": "HeroMiners",
      "pool_backup": "stratum+tcp://rvn.2miners.com:6060",
      "miner": "trex",
      "worker_name": "Rig_D",
      "password": "x",
      "extra_args": "",
      "oc_profile": "auto",
      "enabled_gpus": [],
      "created": "2024-11-29",
      "notes": "RVN HeroMiners - 0.9% Fee"
    },
    "fs_erg_herominers": {
      "id": "fs_erg_herominers",
      "name": "ERG - HeroMiners",
      "coin": "ERG",
      "algorithm": "autolykos2",
      "wallet": "9gXA8UYPGvh4FMy5K1JQRqhp7rSUzZ3Y4kz4BfQhRnwJEuvYmqX",
      "pool_url": "stratum+tcp://ergo.herominers.com:1180",
      "pool_name": "HeroMiners",
      "pool_backup": "stratum+tcp://erg.2miners.com:8888",
      "miner": "trex",
      "worker_name": "Rig_D",
      "password": "x",
      "extra_args": "",
      "oc_profile": "auto",
      "enabled_gpus": [],
      "created": "2024-11-29",
      "notes": "Ergo Mining - hohe Hashrate!"
    },
    "fs_erg_2miners": {
      "id": "fs_erg_2miners",
      "name": "ERG - 2miners",
      "coin": "ERG",
      "algorithm": "autolykos2",
      "wallet": "9gXA8UYPGvh4FMy5K1JQRqhp7rSUzZ3Y4kz4BfQhRnwJEuvYmqX",
      "pool_url": "stratum+tcp://erg.2miners.com:8888",
      "pool_name": "2miners",
      "pool_backup": "stratum+tcp://ergo.herominers.com:1180",
      "miner": "trex",
      "worker_name": "Rig_D",
      "password": "x",
      "extra_args": "",
      "oc_profile": "auto",
      "enabled_gpus": [],
      "created": "2024-11-29",
      "notes": "Ergo auf 2miners Pool"
    },
    "fs_etc_2miners": {
      "id": "fs_etc_2miners",
      "name": "ETC - 2miners",
      "coin": "ETC",
      "algorithm": "etchash",
      "wallet": "DEINE_ETC_WALLET",
      "pool_url": "stratum+tcp://etc.2miners.com:1010",
      "pool_name": "2miners",
      "pool_backup": "stratum+tcp://eu1-etc.ethermine.org:4444",
      "miner": "trex",
      "worker_name": "Rig_D",
      "password": "x",
      "extra_args": "",
      "oc_profile": "auto",
      "enabled_gpus": [],
      "created": "2024-11-29",
      "notes": "Ethereum Classic - WALLET EINTRAGEN!"
    },
    "fs_flux_2miners": {
      "id": "fs_flux_2miners",
      "name": "FLUX - 2miners",
      "coin": "FLUX",
      "algorithm": "equihash125",
      "wallet": "DEINE_FLUX_WALLET",
      "pool_url": "stratum+tcp://flux.2miners.com:9090",
      "pool_name": "2miners",
      "pool_backup": "stratum+tcp://flux.herominers.com:1200",
      "miner": "gminer",
      "worker_name": "Rig_D",
      "password": "x",
      "extra_args": "",
      "oc_profile": "auto",
      "enabled_gpus": [],
      "created": "2024-11-29",
      "notes": "FLUX Mining - GMiner - WALLET EINTRAGEN!"
    },
    "fs_kas_herominers": {
      "id": "fs_kas_herominers",
      "name": "KAS - HeroMiners",
      "coin": "KAS",
      "algorithm": "kheavyhash",
      "wallet": "DEINE_KASPA_WALLET",
      "pool_url": "stratum+tcp://kas.herominers.com:1206",
      "pool_name": "HeroMiners",
      "pool_backup": "stratum+tcp://kas.acc-pool.pw:16061",
      "miner": "bzminer",
      "worker_name": "Rig_D",
      "password": "x",
      "extra_args": "",
      "oc_profile": "auto",
      "enabled_gpus": [],
      "created": "2024-11-29",
      "notes": "Kaspa - sehr profitabel! - WALLET EINTRAGEN!"
    },
    "fs_clore_woolypooly": {
      "id": "fs_clore_woolypooly",
      "name": "CLORE - WoolyPooly",
      "coin": "CLORE",
      "algorithm": "kawpow",
      "wallet": "DEINE_CLORE_WALLET",
      "pool_url": "stratum+tcp://clore.woolypooly.com:3122",
      "pool_name": "WoolyPooly",
      "pool_backup": "stratum+tcp://clore.herominers.com:1199",
      "miner": "trex",
      "worker_name": "Rig_D",
      "password": "x",
      "extra_args": "",
      "oc_profile": "auto",
      "enabled_gpus": [],
      "created": "2024-11-29",
      "notes": "Clore.AI - KawPow - WALLET EINTRAGEN!"
    },
    "fs_alph_herominers": {
      "id": "fs_alph_herominers",
      "name": "ALPH - HeroMiners",
      "coin": "ALPH",
      "algorithm": "blake3",
      "wallet": "DEINE_ALPH_WALLET",
      "pool_url": "stratum+tcp://alph.herominers.com:1199",
      "pool_name": "HeroMiners",
      "pool_backup": "stratum+tcp://alph.woolypooly.com:3106",
      "miner": "bzminer",
      "worker_name": "Rig_D",
      "password": "x",
      "extra_args": "",
      "oc_profile": "auto",
      "enabled_gpus": [],
      "created": "2024-11-29",
      "notes": "Alephium - Blake3 - WALLET EINTRAGEN!"
    },
    "fs_nexa_accpool": {
      "id": "fs_nexa_accpool",
      "name": "NEXA - ACC-Pool",
      "coin": "NEXA",
      "algorithm": "nexapow",
      "wallet": "DEINE_NEXA_WALLET",
      "pool_url": "stratum+tcp://nexa.acc-pool.pw:16011",
      "pool_name": "ACC-Pool",
      "pool_backup": "stratum+tcp://nexa.woolypooly.com:3120",
      "miner": "lolminer",
      "worker_name": "Rig_D",
      "password": "x",
      "extra_args": "",
      "oc_profile": "auto",
      "enabled_gpus": [],
      "created": "2024-11-29",
      "notes": "Nexa - lolMiner - WALLET EINTRAGEN!"
    },
    "fs_dnx_herominers": {
      "id": "fs_dnx_herominers",
      "name": "DNX - HeroMiners",
      "coin": "DNX",
      "algorithm": "dynexsolve",
      "wallet": "DEINE_DNX_WALLET",
      "pool_url": "stratum+tcp://dnx.herominers.com:1120",
      "pool_name": "HeroMiners",
      "pool_backup": "stratum+tcp://dnx.k1pool.com:9200",
      "miner": "bzminer",
      "worker_name": "Rig_D",
      "password": "x",
      "extra_args": "",
      "oc_profile": "auto",
      "enabled_gpus": [],
      "created": "2024-11-29",
      "notes": "Dynex - WALLET EINTRAGEN!"
    },
    "fs_xna_woolypooly": {
      "id": "fs_xna_woolypooly",
      "name": "XNA - WoolyPooly",
      "coin": "XNA",
      "algorithm": "kawpow",
      "wallet": "DEINE_NEURAI_WALLET",
      "pool_url": "stratum+tcp://xna.woolypooly.com:3128",
      "pool_name": "WoolyPooly",
      "pool_backup": "stratum+tcp://xna.acc-pool.pw:33200",
      "miner": "trex",
      "worker_name": "Rig_D",
      "password": "x",
      "extra_args": "",
      "oc_profile": "auto",
      "enabled_gpus": [],
      "created": "2024-11-29",
      "notes": "Neurai (XNA) - KawPow - WALLET EINTRAGEN!"
    },
    "fs_cfx_woolypooly": {
      "id": "fs_cfx_woolypooly",
      "name": "CFX - WoolyPooly",
      "coin": "CFX",
      "algorithm": "octopus",
      "wallet": "DEINE_CFX_WALLET",
      "pool_url": "stratum+tcp://cfx.woolypooly.com:3094",
      "pool_name": "WoolyPooly",
      "pool_backup": "stratum+tcp://conflux.herominers.com:1170",
      "miner": "trex",
      "worker_name": "Rig_D",
      "password": "x",
      "extra_args": "",
      "oc_profile": "auto",
      "enabled_gpus": [],
      "created": "2024-11-29",
      "notes": "Conflux - WALLET EINTRAGEN!"
    },
    "fs_firo_2miners": {
      "id": "fs_firo_2miners",
      "name": "FIRO - 2miners",
      "coin": "FIRO",
      "algorithm": "firopow",
      "wallet": "DEINE_FIRO_WALLET",
      "pool_url": "stratum+tcp://firo.2miners.com:8181",
      "pool_name": "2miners",
      "pool_backup": "stratum+tcp://firo.mintpond.com:3000",
      "miner": "trex",
      "worker_name": "Rig_D",
      "password": "x",
      "extra_args": "",
      "oc_profile": "auto",
      "enabled_gpus": [],
      "created": "2024-11-29",
      "notes": "Firo - FiroPow - WALLET EINTRAGEN!"
    },
    "fs_rxd_woolypooly": {
      "id": "fs_rxd_woolypooly",
      "name": "RXD - WoolyPooly",
      "coin": "RXD",
      "algorithm": "sha512256d",
      "wallet": "DEINE_RADIANT_WALLET",
      "pool_url": "stratum+tcp://rxd.woolypooly.com:3124",
      "pool_name": "WoolyPooly",
      "pool_backup": "stratum+tcp://rxd.acc-pool.pw:14461",
      "miner": "bzminer",
      "worker_name": "Rig_D",
      "password": "x",
      "extra_args": "",
      "oc_profile": "auto",
      "enabled_gpus": [],
      "created": "2024-11-29",
      "notes": "Radiant - WALLET EINTRAGEN!"
    },
    "fs_xmr_2miners": {
      "id": "fs_xmr_2miners",
      "name": "XMR - 2miners (CPU)",
      "coin": "XMR",
      "algorithm": "randomx",
      "wallet": "DEINE_MONERO_WALLET",
      "pool_url": "stratum+tcp://xmr.2miners.com:2222",
      "pool_name": "2miners",
      "pool_backup": "stratum+tcp://gulf.moneroocean.stream:10128",
      "miner": "xmrig",
      "worker_name": "Rig_D",
      "password": "x",
      "extra_args": "",
      "oc_profile": "none",
      "enabled_gpus": [],
      "created": "2024-11-29",
      "mining_type": "cpu",
      "notes": "Monero CPU Mining - XMRig - Ryzen 9 5900HX: ~8-12 kH/s"
    },
    "fs_xmr_moneroocean": {
      "id": "fs_xmr_moneroocean",
      "name": "XMR - MoneroOcean (CPU)",
      "coin": "XMR",
      "algorithm": "randomx",
      "wallet": "DEINE_MONERO_WALLET",
      "pool_url": "stratum+tcp://gulf.moneroocean.stream:10128",
      "pool_name": "MoneroOcean",
      "pool_backup": "stratum+tcp://xmr.2miners.com:2222",
      "miner": "xmrig",
      "worker_name": "Rig_D",
      "password": "x",
      "extra_args": "",
      "oc_profile": "none",
      "enabled_gpus": [],
      "created": "2024-11-29",
      "mining_type": "cpu",
      "notes": "MoneroOcean - Auto-Algo-Switch - 0% Fee!"
    },
    "fs_xmr_p2pool": {
      "id": "fs_xmr_p2pool",
      "name": "XMR - P2Pool (CPU)",
      "coin": "XMR",
      "algorithm": "randomx",
      "wallet": "DEINE_MONERO_WALLET",
      "pool_url": "stratum+tcp://p2pool.io:3333",
      "pool_name": "P2Pool",
      "pool_backup": "stratum+tcp://xmr.2miners.com:2222",
      "miner": "xmrig",
      "worker_name": "Rig_D",
      "password": "x",
      "extra_args": "",
      "oc_profile": "none",
      "enabled_gpus": [],
      "created": "2024-11-29",
      "mining_type": "cpu",
      "notes": "P2Pool - Dezentral - 0% Fee!"
    },
    "fs_grin_2miners": {
      "id": "fs_grin_2miners",
      "name": "GRIN - 2miners",
      "coin": "GRIN",
      "algorithm": "cuckatoo32",
      "wallet": "grin1n26np6apy07576qx4cq3",
      "pool_url": "stratum+tcp://grin.2miners.com:3030",
      "pool_name": "2miners",
      "pool_backup": "stratum+tcp://grin.herominers.com:1165",
      "miner": "lolminer",
      "worker_name": "Rig_D",
      "password": "x",
      "extra_args": "",
      "oc_profile": "auto",
      "enabled_gpus": [],
      "created": "2024-12-01",
      "notes": "GRIN Cuckatoo32 - lolMiner"
    },
    "fs_grin_herominers": {
      "id": "fs_grin_herominers",
      "name": "GRIN - HeroMiners",
      "coin": "GRIN",
      "algorithm": "cuckatoo32",
      "wallet": "grin1n26np6apy07576qx4cq3",
      "pool_url": "stratum+tcp://grin.herominers.com:1165",
      "pool_name": "HeroMiners",
      "pool_backup": "stratum+tcp://grin.2miners.com:3030",
      "miner": "lolminer",
      "worker_name": "Rig_D",
      "password": "x",
      "extra_args": "",
      "oc_profile": "auto",
      "enabled_gpus": [],
      "created": "2024-12-01",
      "notes": "GRIN HeroMiners - 0.9% Fee"
    }
  },
  "active": "fs_rvn_2miners",
  "updated": "2024-12-01"
}
