{
  "wallets": {
    "ALEO": "aleo1ze8sh8y6hy3r4rptuysm2x98x",
    "ALPH": "17VuxyQLdFmudNsGEeDEHUXGbhUpdr",
    "ARRR": "zs16fpm5nm6hcfgyeusv5p0trd5q7t54j",
    "BCH": "1FSeuy6KrvtPAGmyYmFrnu4lsvr7xv",
    "BEAM": "29ac25f6a6950c4ae9aea39c7ff072",
    "BTC": "1FSeuy6KrvtPAGmyYmFrhj3x4nd5aa",
    "CFX": "cfx:aatw8kwffacd24c8mu631bjveg",
    "CKB": "ckb1qyqxx9wvv0h9f08uwu6c978vla",
    "CLORE": "AWDXZTwxC5YXyEyy7QvBmBPVF5xS7E",
    "CTXC": "0x132070583632ef5c5bfb423e3312",
    "DASH": "Xq8VkDkDpe6yKDNZQea58x2Yc2Bmcf",
    "DCR": "Dskjogr1LgmUbE1to41Fbrhj8",
    "DERO": "dero1qy9u2qwvgz5sqgk4rzlv",
    "DGB": "DKakTE2yALnfhGxaHMFQi1SASKLrFT",
    "DINGO": "DNSw5w1QkWcAuif2FoozHFBJU",
    "DNX": "Xwn7qYEan1RQLEg8wmWA",
    "DOGE": "DKakTE2yALnfhGxaHMFQ",
    "EPIC": "esWW5uKNqfpRvhvvV53Zt8d2EwPYe7RXTF",
    "ERG": "9hYp1KRdYinHUFrrrAxzKu44Av",
    "ETC": "0xcf2f264528043C685Efb423e3312",
    "ETH": "0xcf2f264528043C685E",
    "FB": "bc1q8jjvcwy94f7480nq",
    "FIRO": "aFA7esXx5itEDpD5ZAZyC9xs",
    "FLUX": "t1YKFvJWTqFfykupsVC4m2XEy",
    "GRIN": "grin1n26np6apy07576q",
    "GRS": "grs1q58ja0lknvhynvn7",
    "HNS": "hs1q249hnqe5uks00vdn",
    "IRON": "3a495943b6343c392dcf",
    "KAS": "kaspa:qz8sls9rax2vxnqrmkhf524evudd",
    "KDA": "k:a5efc9d9b651c42914ee7c3e81fd8ba6a320",
    "KMD": "RYJBpnVYoQfe9bh3zqLv",
    "LTC": "LZfcBBQ9wb8SR5U8iuF94r40mdla6w",
    "MONA": "mona1qzq6pdklanau2rult5hh",
    "NEOX": "GZ9BkjVaeWC97DytsuE8yhybw",
    "NEXA": "nexa:nqtsq5g5hskmcI7n8p07xy",
    "PEP": "PYrF9398J8pFvieDFNAedJ1qY",
    "QKC": "0x3871c826f9ecbbc00000000",
    "QTC": "31ooHT4ML1TKEq44BW9G6pr5dkhnaw",
    "QUAI": "0x00535363ba57494f6C84F3E",
    "RTM": "RX6jiT4kvk5uaJBdVjxZKoZZb",
    "RVN": "RPiqzUycTkgxEH9B1wEy52yy8rL3FQ",
    "SCP": "cd0113f04ed9c575fa8d81c89",
    "VTC": "vtc1qr8w6qlnmljatluzyzchv",
    "XEC": "ecash:qz029mazanuvjy8cyqm",
    "XMR": "4DSQMNzzq46N1z2pZWAVSPPTAbMa3y",
    "XNA": "NaMd6itbVVSpWFAZqzujB1seYDpaE2",
    "ZANO": "iZ2EMyPD7g28hgBg2CWdrQcAQ",
    "ZEC": "t1YKFvJWTqFfykupsVC4rG3cucN1k7",
    "ZEPH": "ZEPHs82uhZx5REPuiMVTdqyKY"
  },
  "wallet_sources": {
    "ALEO": "CoinEx",
    "ALPH": "Gate.io",
    "ARRR": "Gate.io",
    "BCH": "Gate.io",
    "BEAM": "Gate.io",
    "BTC": "Gate.io",
    "CFX": "Gate.io",
    "CKB": "Gate.io",
    "CLORE": "Gate.io",
    "CTXC": "CoinEx",
    "DASH": "Gate.io",
    "DCR": "CoinEx",
    "DERO": "CoinEx",
    "DGB": "Gate.io",
    "DINGO": "CoinEx",
    "DNX": "Gate.io",
    "DOGE": "Gate.io",
    "EPIC": "CoinEx",
    "ERG": "Gate.io",
    "ETC": "Gate.io",
    "ETH": "Gate.io",
    "FB": "CoinEx",
    "FIRO": "Gate.io",
    "FLUX": "Gate.io",
    "GRIN": "Gate.io",
    "GRS": "CoinEx",
    "HNS": "CoinEx",
    "IRON": "Gate.io",
    "KAS": "Gate.io",
    "KDA": "Gate.io",
    "KMD": "CoinEx",
    "LTC": "Gate.io",
    "MONA": "CoinEx",
    "NEOX": "CoinEx",
    "NEXA": "CoinEx",
    "PEP": "CoinEx",
    "QKC": "CoinEx",
    "QTC": "Gate.io",
    "QUAI": "CoinEx",
    "RTM": "CoinEx",
    "RVN": "Gate.io",
    "SCP": "CoinEx",
    "VTC": "CoinEx",
    "XEC": "CoinEx",
    "XMR": "Gate.io",
    "XNA": "Gate.io",
    "ZANO": "CoinEx",
    "ZEC": "Gate.io",
    "ZEPH": "CoinEx"
  },
  "exchange_wallet_count": {
    "CoinEx": 22,
    "Gate.io": 27
  },
  "coinex_last_sync": "2024-11-30 23:00:43",
  "last_gateio_sync": "2024-11-30T23:01:38",
  "total_count": 49,
  "version": "2.1"
}
